{"k":{"0":1,"1":3,"2":5,"3":7,"4":9,"5":11,"6":13,"7":15,"8":17,"9":19,"10":21,"11":23,"12":25,"13":27,"14":29,"15":31,"16":33,"17":35,"18":37,"19":39,"20":41,"21":43,"22":45,"23":47,"24":49},"accuracy":{"0":0.608,"1":0.6295,"2":0.6559,"3":0.6651,"4":0.6719,"5":0.6807,"6":0.6816,"7":0.6783,"8":0.6786,"9":0.6764,"10":0.6765,"11":0.6789,"12":0.6761,"13":0.6749,"14":0.6744,"15":0.6741,"16":0.6767,"17":0.6774,"18":0.6745,"19":0.6733,"20":0.672,"21":0.6708,"22":0.6711,"23":0.6706,"24":0.6676},"execution_time":{"0":0.0210030079,"1":0.0113859177,"2":0.0242028236,"3":0.0155518055,"4":0.0161960125,"5":0.0259289742,"6":0.0233569145,"7":0.0286028385,"8":0.0173921585,"9":0.016947031,"10":0.0163519382,"11":0.0170190334,"12":0.0175018311,"13":0.0163478851,"14":0.0186228752,"15":0.0173230171,"16":0.0170412064,"17":0.0178370476,"18":0.0180511475,"19":0.0174658298,"20":0.0168991089,"21":0.0179519653,"22":0.0180270672,"23":0.0180819035,"24":0.0173048973}}