{"k":{"0":1,"1":3,"2":5,"3":7,"4":9,"5":11,"6":13,"7":15,"8":17,"9":19,"10":21,"11":23,"12":25,"13":27,"14":29,"15":31,"16":33,"17":35,"18":37,"19":39,"20":41,"21":43,"22":45,"23":47,"24":49},"acc_test":{"0":0.6053,"1":0.6323,"2":0.6541,"3":0.6655,"4":0.6681,"5":0.674,"6":0.678,"7":0.6751,"8":0.6725,"9":0.6751,"10":0.6773,"11":0.6723,"12":0.6725,"13":0.6721,"14":0.6728,"15":0.6733,"16":0.6702,"17":0.6684,"18":0.6711,"19":0.6687,"20":0.6678,"21":0.6685,"22":0.6656,"23":0.6651,"24":0.663},"acc_train":{"0":0.0,"1":0.0,"2":0.0,"3":0.0,"4":0.0,"5":0.0,"6":0.0,"7":0.0,"8":0.0,"9":0.0,"10":0.0,"11":0.0,"12":0.0,"13":0.0,"14":0.0,"15":0.0,"16":0.0,"17":0.0,"18":0.0,"19":0.0,"20":0.0,"21":0.0,"22":0.0,"23":0.0,"24":0.0},"execution_time":{"0":0.0058293343,"1":0.0048687458,"2":0.0048618317,"3":0.0045418739,"4":0.0048372746,"5":0.0048134327,"6":0.0045530796,"7":0.0048573017,"8":0.0053789616,"9":0.0050814152,"10":0.0050466061,"11":0.0079977512,"12":0.0069587231,"13":0.0044662952,"14":0.0051572323,"15":0.008587122,"16":0.0044660568,"17":0.0048925877,"18":0.0057682991,"19":0.0049688816,"20":0.0102024078,"21":0.0055968761,"22":0.0078840256,"23":0.0043673515,"24":0.0048372746}}